{"schemaVersion":"1.0","appDefinitionTemplate":{"id":"/providers/Microsoft.PowerApps/apps/","type":"Microsoft.PowerApps/apps","tags":{"primaryDeviceWidth":"1366","primaryDeviceHeight":"768","supportsPortrait":"true","supportsLandscape":"true","primaryFormFactor":"Tablet","showStatusBar":"false","publisherVersion":"3.25062.8","minimumRequiredApiVersion":"2.2.0","hasComponent":"false","hasUnlockedComponent":"false","isUnifiedRootApp":"false","sienaVersion":"20250617T133516Z-3.25062.8.0"},"properties":{"appVersion":"2025-06-17T13:35:16Z","lifeCycleId":"Published","createdByClientVersion":{"major":3,"minor":25062,"build":8,"revision":0,"majorRevision":0,"minorRevision":0},"minClientVersion":{"major":3,"minor":25062,"build":8,"revision":0,"majorRevision":0,"minorRevision":0},"backgroundColor":"RGBA(0,176,240,1)","backgroundImageUri":"/348536055096040449/N5bd84f8d-9416-41ac-95a7-dc1d037615fd-logoSmallFile","displayName":"GridApp","description":"","commitMessage":"","appUris":{"documentUri":{"value":"/348536055096040449/N13607ac1-c2e1-4582-9cf9-dfb5c54a7cc0-document.msapp"},"imageUris":[],"additionalUris":[{"isSolutionAware":false,"value":"/348536055096040449/N0d908119-133e-4aa0-a1d3-a8a0b7f162c0-identity.json"}]},"createdTime":"0001-01-01T00:00:00Z","lastModifiedTime":"0001-01-01T00:00:00Z","sharedGroupsCount":0,"sharedUsersCount":0,"connectionReferences":{"653be8fd-2e19-4860-855e-3a110275857b":{"id":"b3d72cdd-a03e-42fb-9939-b7a3e422cf33","displayName":"Logic flows","iconUri":"https://conn-afd-prod-endpoint-bmc9bqahasf3grgk.b01.azurefd.net/v1.0.1752/1.0.1752.4216/logicflows/icon.png","dataSources":["AD-ParseJSON"],"dependencies":[],"dependents":[],"parameterHints":{"workflowName":{"value":"87efb73b-b007-4a62-9327-5eb672ac5e03"},"workflowEntityId":{"value":"f017a282-734b-f011-877b-6045bdc5fe02"},"workflowDisplayName":{"value":"AD - ParseJSON"}},"parameterHintsV2":{"workflowName":{"value":"87efb73b-b007-4a62-9327-5eb672ac5e03"},"workflowEntityId":{"value":"f017a282-734b-f011-877b-6045bdc5fe02"},"workflowDisplayName":{"value":"AD - ParseJSON"}},"isOnPremiseConnection":false,"bypassConsent":false,"dataSets":{},"apiTier":"Standard","isCustomApiConnection":false,"actions":["Run"],"nestedActions":[]}},"databaseReferences":{},"almMode":"Environment","performanceOptimizationEnabled":true,"canConsumeAppPass":true,"enableModernRuntimeMode":false,"executionRestrictions":{"isTeamsOnly":false,"dataLossPreventionEvaluationResult":{"status":"Compliant","lastEvaluationDate":"2025-06-17T13:35:31.7838576Z","violations":[],"violationsByPolicy":[],"violationErrorMessage":"The app uses the following connectors: shared_logicflows."},"httpActionRestriction":{"appUsesSharepointHttpAction":false,"enforcementStrategy":"Legacy","evaluationTime":"2025-06-17T13:35:31.7837624Z"}}},"isAppComponentLibrary":false,"appType":"ClassicCanvasApp","appComponents":[]}}