{"schemaVersion":"1.0","appDefinitionTemplate":{"id":"/providers/Microsoft.PowerApps/apps/","type":"Microsoft.PowerApps/apps","tags":{"primaryDeviceWidth":"2843","primaryDeviceHeight":"947","supportsPortrait":"true","supportsLandscape":"true","primaryFormFactor":"Tablet","showStatusBar":"false","publisherVersion":"3.25035.12","minimumRequiredApiVersion":"2.2.0","hasComponent":"true","hasUnlockedComponent":"true","isUnifiedRootApp":"false","sienaVersion":"20250412T195352Z-3.25035.12.0"},"properties":{"appVersion":"2025-04-12T19:53:52Z","lifeCycleId":"Published","createdByClientVersion":{"major":3,"minor":25035,"build":12,"revision":0,"majorRevision":0,"minorRevision":0},"minClientVersion":{"major":3,"minor":25035,"build":12,"revision":0,"majorRevision":0,"minorRevision":0},"backgroundColor":"RGBA(0,176,240,1)","backgroundImageUri":"/15821220392401646002/N5e321e01-cc98-49e0-b7ed-44ee7bc905ed-logoSmallFile","displayName":"DocViewer","description":"","commitMessage":"","appUris":{"documentUri":{"value":"/15821220392401646002/Neac98283-54f9-4bbd-878e-07bae984b778-document.msapp"},"imageUris":[],"additionalUris":[{"isSolutionAware":false,"value":"/15821220392401646002/N1d266d01-2156-42fa-8f30-7e10f6461612-identity.json"}]},"createdTime":"0001-01-01T00:00:00Z","lastModifiedTime":"0001-01-01T00:00:00Z","sharedGroupsCount":0,"sharedUsersCount":0,"connectionReferences":{"259731c9-3f7a-4a8f-abf1-106ca198b56f":{"id":"aa15f8a7-4471-4276-bbfa-93ca27d8faad","displayName":"SharePoint","iconUri":"https://conn-afd-prod-endpoint-bmc9bqahasf3grgk.b01.azurefd.net/releases/v1.0.1745/1.0.1745.4169/sharepointonline/icon.png","dataSources":["CaseManagement","Documents"],"dependencies":[],"dependents":["ce098605-bdf1-43c3-b478-c0c987a0a0f5"],"parameterHints":{},"parameterHintsV2":{},"isOnPremiseConnection":false,"bypassConsent":false,"dataSets":{"https://datenshi.sharepoint.com/sites/DatenshiBackup":{"dataSources":{"CaseManagement":{"tableName":"169ddc70-5af8-470d-a8b6-529af91de0a7"},"Documents":{"tableName":"b4b20ef0-310f-42d3-b82f-c42024b78f18"}}}},"apiTier":"Standard","isCustomApiConnection":false,"actions":["providers/PowerPlatform.Governance/Operations/Read","providers/PowerPlatform.Governance/Operations/Write","providers/PowerPlatform.Governance/Operations/Delete"]},"ce098605-bdf1-43c3-b478-c0c987a0a0f5":{"id":"b3d72cdd-a03e-42fb-9939-b7a3e422cf33","displayName":"Logic flows","iconUri":"https://conn-afd-prod-endpoint-bmc9bqahasf3grgk.b01.azurefd.net/releases/v1.0.1725/1.0.1725.4004/logicflows/icon.png","dataSources":["GenreateAndViewPDF"],"dependencies":["259731c9-3f7a-4a8f-abf1-106ca198b56f","f0195282-7f3a-4de7-a320-5be2a36142af"],"dependents":[],"parameterHints":{"workflowName":{"value":"20ca4122-6913-415a-9177-96e48ff9500f"},"workflowEntityId":{},"workflowDisplayName":{"value":"Genreate And View PDF"},"259731c9-3f7a-4a8f-abf1-106ca198b56f":{"value":"shared_sharepointonline"},"f0195282-7f3a-4de7-a320-5be2a36142af":{"value":"shared_onedriveforbusiness"}},"parameterHintsV2":{"workflowName":{"value":"20ca4122-6913-415a-9177-96e48ff9500f"},"workflowEntityId":{},"workflowDisplayName":{"value":"Genreate And View PDF"},"shared_sharepointonline":{"value":"259731c9-3f7a-4a8f-abf1-106ca198b56f"},"shared_onedriveforbusiness":{"value":"f0195282-7f3a-4de7-a320-5be2a36142af"}},"isOnPremiseConnection":false,"bypassConsent":false,"dataSets":{},"apiTier":"Standard","isCustomApiConnection":false,"actions":["Run"],"nestedActions":[{"id":"/providers/Microsoft.PowerApps/apis/shared_sharepointonline/apiOperations/GetAttachmentContent","flowConnectionRef":"shared_sharepointonline","apiName":"SharePoint","actionName":"GetAttachmentContent","referencedResources":[{"key":"site","value":"[DYNAMIC_VALUE]"},{"key":"list","value":"[DYNAMIC_VALUE]"},{"key":"site","value":"[DYNAMIC_VALUE]"}]},{"id":"/providers/Microsoft.PowerApps/apis/shared_sharepointonline/apiOperations/CreateFile","flowConnectionRef":"shared_sharepointonline","apiName":"SharePoint","actionName":"CreateFile","referencedResources":[{"key":"site","value":"https://datenshi.sharepoint.com"}]},{"id":"/providers/Microsoft.PowerApps/apis/shared_sharepointonline/apiOperations/CreateSharingLink","flowConnectionRef":"shared_sharepointonline","apiName":"SharePoint","actionName":"CreateSharingLink","referencedResources":[{"key":"site","value":"https://datenshi.sharepoint.com"},{"key":"list","value":"b4b20ef0-310f-42d3-b82f-c42024b78f18"},{"key":"site","value":"https://datenshi.sharepoint.com"},{"key":"fileId","value":"@outputs('Create_file_as_PDF')?['body/ItemId']"}]},{"id":"/providers/Microsoft.PowerApps/apis/shared_sharepointonline/apiOperations/GetFileContentByPath","flowConnectionRef":"shared_sharepointonline","apiName":"SharePoint","actionName":"GetFileContentByPath","referencedResources":[{"key":"site","value":"https://datenshi.sharepoint.com"}]},{"id":"/providers/Microsoft.PowerApps/apis/shared_onedriveforbusiness/apiOperations/CreateFile","flowConnectionRef":"shared_onedriveforbusiness","apiName":"OneDrive for Business","actionName":"CreateFile","referencedResources":[]},{"id":"/providers/Microsoft.PowerApps/apis/shared_onedriveforbusiness/apiOperations/ConvertFile","flowConnectionRef":"shared_onedriveforbusiness","apiName":"OneDrive for Business","actionName":"ConvertFile","referencedResources":[{"key":"fileId","value":"@outputs('Create_file')?['body/Id']"}]},{"id":"/providers/Microsoft.PowerApps/apis/shared_onedriveforbusiness/apiOperations/DeleteFile","flowConnectionRef":"shared_onedriveforbusiness","apiName":"OneDrive for Business","actionName":"DeleteFile","referencedResources":[{"key":"fileId","value":"@outputs('Create_file')?['body/Id']"}]}]},"f0195282-7f3a-4de7-a320-5be2a36142af":{"id":"e6ea47eb-4dc2-4b6c-9c93-2cb3937011b6","displayName":"OneDrive for Business","iconUri":"https://conn-afd-prod-endpoint-bmc9bqahasf3grgk.b01.azurefd.net/releases/v1.0.1732/1.0.1732.4070/onedriveforbusiness/icon.png","dataSources":[],"dependencies":[],"dependents":["ce098605-bdf1-43c3-b478-c0c987a0a0f5"],"parameterHints":{},"parameterHintsV2":{},"isOnPremiseConnection":false,"bypassConsent":false,"dataSets":{},"apiTier":"Standard","isCustomApiConnection":false}},"databaseReferences":{},"almMode":"Environment","performanceOptimizationEnabled":true,"canConsumeAppPass":true,"enableModernRuntimeMode":false,"executionRestrictions":{"isTeamsOnly":false,"dataLossPreventionEvaluationResult":{"status":"Compliant","lastEvaluationDate":"2025-04-12T19:54:07.1413666Z","violations":[],"violationsByPolicy":[],"violationErrorMessage":"The app uses the following connectors: shared_sharepointonline, shared_logicflows, shared_onedriveforbusiness."},"httpActionRestriction":{"appUsesSharepointHttpAction":false,"enforcementStrategy":"Legacy","evaluationTime":"2025-04-12T19:54:07.1412122Z"}}},"isAppComponentLibrary":false,"appType":"ClassicCanvasApp","appComponents":[]}}