{"name":"6cd65155-4043-36d2-3377-7861a3d65a73","id":"/providers/Microsoft.Flow/flows/6cd65155-4043-36d2-3377-7861a3d65a73","type":"Microsoft.Flow/flows","properties":{"apiId":"/providers/Microsoft.PowerApps/apis/shared_logicflows","displayName":"AD - ParseJSON","definition":{"metadata":{"workflowEntityId":"f017a282-734b-f011-877b-6045bdc5fe02","processAdvisorMetadata":null,"flowChargedByPaygo":null,"flowclientsuspensionreason":"None","flowclientsuspensiontime":null,"flowclientsuspensionreasondetails":null,"creator":{"id":"0108b8be-2131-4891-bf85-f6cdace12bcf","type":"User","tenantId":"e9bff946-54d8-43ac-8be3-d90cd4875a58"},"provisioningMethod":"FromDefinition","failureAlertSubscription":true,"clientLastModifiedTime":"2025-06-17T13:34:11.9377478Z","connectionKeySavedTimeKey":"2025-06-17T13:34:11.9377478Z","creationSource":null},"$schema":"https://schema.management.azure.com/providers/Microsoft.Logic/schemas/2016-06-01/workflowdefinition.json#","contentVersion":"1.0.0.0","parameters":{"$authentication":{"defaultValue":{},"type":"SecureObject"}},"triggers":{"manual":{"metadata":{"operationMetadataId":"46bf5650-4c0a-4e02-9003-804c330bd2c3"},"type":"Request","kind":"PowerAppV2","inputs":{"schema":{"type":"object","properties":{"text":{"title":"JSON","type":"string","x-ms-dynamically-added":true,"description":"Please enter your input","x-ms-content-hint":"TEXT"}},"required":["text"]}}}},"actions":{"Compose":{"runAfter":{},"metadata":{"operationMetadataId":"9a65f78e-fd9f-4bc9-b4a8-7a628303ca35"},"type":"Compose","inputs":"@triggerBody()['text']"},"Parse_JSON":{"runAfter":{"Compose":["Succeeded"]},"metadata":{"operationMetadataId":"9d08f9a1-973f-4206-abad-d38e4b0bbe94"},"type":"ParseJson","inputs":{"content":"@outputs('Compose')","schema":{"type":"array","items":{"type":"object","properties":{"ID":{"type":"integer"},"Nomenclature":{"type":"string"},"PartNumber":{"type":"string"},"Qty":{"type":"string"},"TotalPrice":{"type":"string"},"UI":{"type":"string"},"UnitPrice":{"type":"string"}},"required":["ID","Nomenclature","PartNumber","Qty","TotalPrice","UI","UnitPrice"]}}}},"Response":{"runAfter":{"Parse_JSON":["Succeeded"]},"metadata":{"operationMetadataId":"230451c2-81e6-45c3-bde7-51cf8250a79e"},"type":"Response","kind":"Http","inputs":{"statusCode":200,"body":"@body('Parse_JSON')","schema":{"type":"array","items":{"type":"object","properties":{"ID":{"type":"integer"},"Nomenclature":{"type":"string"},"PartNumber":{"type":"string"},"Qty":{"type":"string"},"TotalPrice":{"type":"string"},"UI":{"type":"string"},"UnitPrice":{"type":"string"}},"required":["ID","Nomenclature","PartNumber","Qty","TotalPrice","UI","UnitPrice"]}}}}}},"connectionReferences":{},"flowFailureAlertSubscribed":false,"isManaged":false}}